Field,ID,Type (Type),default,en-us,zh-hans-cn,zh-hant-tw,zh,zh-cn,zh-hk,zh-mo,zh-hans,zh-hans-sg,zh-sg,zh-tw,zh-hant,zh-hant-hk,zh-hant-mo
Description,2,Text,,"Confy is a structural editor for TOML, JSON, JSONC, and YAML configuration files — it treats your config as a tree, not as text.

Browse a live outline of keys, tables, arrays, and comments, and edit exactly the node you want: rename a key, change a value's type, drag a subtree to a new parent, or convert an entire file from TOML to YAML — all without touching anything you didn't ask for.

Every edit is lossless: comments, whitespace, and formatting are preserved exactly as you left them, so an untouched file round-trips byte-for-byte identical. Every change is atomic and fully undoable — a failed edit never corrupts your file.

Key features:
• Structural tree view for TOML, JSON, JSONC, and YAML — browse and edit any node in place
• Lossless round-trips: comments are first-class, editable nodes, never lost or reordered
• Type-safe ""kind switching"" — arrays ↔ inline tables, quote styles, number formats, and more
• Convert between TOML, JSON/JSONC, and YAML with a full loss-warning report before anything is written
• JSON Schema awareness — auto-detects $schema hints and flags violations live while you edit
• Fuzzy search & type filter, multi-select, drag-and-drop, clipboard cut/copy/paste
• Full undo/redo history — every mutation is atomic
• Terminal mode included: run ""confy file.toml"" in any terminal for the same editor in your shell
• English and 繁體中文 interfaces, switchable at runtime
• Runs entirely offline — no telemetry, no data collection, no accounts

Confy is open source (MIT) and built for developers who work with configuration files every day and want precise, safe edits without hand-rolling text diffs.","Confy 是一款适用于 TOML、JSON、JSONC 和 YAML 配置文件的结构化编辑器——它将你的配置视为树状结构，而非纯文本。

浏览由键、表、数组和注释组成的实时大纲，精确编辑你想编辑的节点：重命名键、更改值的类型、将子树拖拽至新的父节点，或将整个文件从 TOML 转换为 YAML——绝不更动你未指定的任何内容。

每次编辑都是无损的：注释、空白字符和格式都会原封不动地保留，未修改的文件可逐字节完整往返。每次更改都是原子性且可完全撤销——失败的编辑绝不会损坏你的文件。

主要功能：
• TOML、JSON、JSONC 和 YAML 的结构化树状视图——就地浏览和编辑任何节点
• 无损往返：注释是可编辑的一级节点，绝不丢失或被重新排序
• 类型安全的“kind 切换”——数组 ↔ 内联表格、引号样式、数字格式等
• 在 TOML、JSON/JSONC 和 YAML 之间相互转换，写入前提供完整的损耗警告报告
• JSON Schema 感知——自动检测 $schema 提示，并在编辑时实时标记违规项目
• 模糊搜索和类型筛选、多选、拖放、剪贴板剪切/复制/粘贴
• 完整的撤销/重做历史——每次更改都是原子性
• 内置终端模式：在任何终端运行 ""confy file.toml""，即可在 shell 中使用相同的编辑器
• English 和繁體中文界面，运行时可随时切换
• 完全离线运行——无遥测、不收集数据、无需账户

Confy 为开源软件（MIT 许可），专为每天处理配置文件、希望精确且安全地编辑而无需手写文本差异的开发者而设计。","Confy 是一款適用於 TOML、JSON、JSONC 與 YAML 設定檔的結構化編輯器——它將你的設定檔視為樹狀結構，而非純文字。

瀏覽由索引鍵、表格、陣列與註解組成的即時大綱，精確編輯你想編輯的節點：重新命名索引鍵、變更值的型別、將子樹拖曳至新的父節點，或將整個檔案從 TOML 轉換為 YAML——絕不更動你未指定的任何內容。

每次編輯都是無損的：註解、空白字元與格式都會原封不動地保留，未修改的檔案可逐位元組完整往返。每次變更都是原子性且可完全復原——失敗的編輯絕不會損毀你的檔案。

主要功能：
• TOML、JSON、JSONC 與 YAML 的結構化樹狀檢視——就地瀏覽與編輯任何節點
• 無損往返：註解是可編輯的第一級節點，絕不遺失或被重新排序
• 型別安全的「kind 切換」——陣列 ↔ 行內表格、引號樣式、數字格式等
• 在 TOML、JSON/JSONC 與 YAML 之間相互轉換，寫入前提供完整的損耗警告報告
• JSON Schema 感知——自動偵測 $schema 提示，並在編輯時即時標記違規項目
• 模糊搜尋與型別篩選、多選、拖放、剪貼簿剪下/複製/貼上
• 完整的復原/重做歷史——每次變更都是原子性
• 內建終端機模式：在任何終端機執行 ""confy file.toml""，即可在 shell 中使用相同的編輯器
• English 與繁體中文介面，執行時可隨時切換
• 完全離線運作——無遙測、不收集資料、不需帳戶

Confy 為開源軟體（MIT 授權），專為每天處理設定檔、希望精確且安全地編輯而無需手寫文字差異的開發者而設計。","Confy 是一款适用于 TOML、JSON、JSONC 和 YAML 配置文件的结构化编辑器——它将你的配置视为树状结构，而非纯文本。

浏览由键、表、数组和注释组成的实时大纲，精确编辑你想编辑的节点：重命名键、更改值的类型、将子树拖拽至新的父节点，或将整个文件从 TOML 转换为 YAML——绝不更动你未指定的任何内容。

每次编辑都是无损的：注释、空白字符和格式都会原封不动地保留，未修改的文件可逐字节完整往返。每次更改都是原子性且可完全撤销——失败的编辑绝不会损坏你的文件。

主要功能：
• TOML、JSON、JSONC 和 YAML 的结构化树状视图——就地浏览和编辑任何节点
• 无损往返：注释是可编辑的一级节点，绝不丢失或被重新排序
• 类型安全的“kind 切换”——数组 ↔ 内联表格、引号样式、数字格式等
• 在 TOML、JSON/JSONC 和 YAML 之间相互转换，写入前提供完整的损耗警告报告
• JSON Schema 感知——自动检测 $schema 提示，并在编辑时实时标记违规项目
• 模糊搜索和类型筛选、多选、拖放、剪贴板剪切/复制/粘贴
• 完整的撤销/重做历史——每次更改都是原子性
• 内置终端模式：在任何终端运行 ""confy file.toml""，即可在 shell 中使用相同的编辑器
• English 和繁體中文界面，运行时可随时切换
• 完全离线运行——无遥测、不收集数据、无需账户

Confy 为开源软件（MIT 许可），专为每天处理配置文件、希望精确且安全地编辑而无需手写文本差异的开发者而设计。","Confy 是一款适用于 TOML、JSON、JSONC 和 YAML 配置文件的结构化编辑器——它将你的配置视为树状结构，而非纯文本。

浏览由键、表、数组和注释组成的实时大纲，精确编辑你想编辑的节点：重命名键、更改值的类型、将子树拖拽至新的父节点，或将整个文件从 TOML 转换为 YAML——绝不更动你未指定的任何内容。

每次编辑都是无损的：注释、空白字符和格式都会原封不动地保留，未修改的文件可逐字节完整往返。每次更改都是原子性且可完全撤销——失败的编辑绝不会损坏你的文件。

主要功能：
• TOML、JSON、JSONC 和 YAML 的结构化树状视图——就地浏览和编辑任何节点
• 无损往返：注释是可编辑的一级节点，绝不丢失或被重新排序
• 类型安全的“kind 切换”——数组 ↔ 内联表格、引号样式、数字格式等
• 在 TOML、JSON/JSONC 和 YAML 之间相互转换，写入前提供完整的损耗警告报告
• JSON Schema 感知——自动检测 $schema 提示，并在编辑时实时标记违规项目
• 模糊搜索和类型筛选、多选、拖放、剪贴板剪切/复制/粘贴
• 完整的撤销/重做历史——每次更改都是原子性
• 内置终端模式：在任何终端运行 ""confy file.toml""，即可在 shell 中使用相同的编辑器
• English 和繁體中文界面，运行时可随时切换
• 完全离线运行——无遥测、不收集数据、无需账户

Confy 为开源软件（MIT 许可），专为每天处理配置文件、希望精确且安全地编辑而无需手写文本差异的开发者而设计。","Confy 是一款適用於 TOML、JSON、JSONC 與 YAML 設定檔的結構化編輯器——它將你的設定檔視為樹狀結構，而非純文字。

瀏覽由索引鍵、表格、陣列與註解組成的即時大綱，精確編輯你想編輯的節點：重新命名索引鍵、變更值的型別、將子樹拖曳至新的父節點，或將整個檔案從 TOML 轉換為 YAML——絕不更動你未指定的任何內容。

每次編輯都是無損的：註解、空白字元與格式都會原封不動地保留，未修改的檔案可逐位元組完整往返。每次變更都是原子性且可完全復原——失敗的編輯絕不會損毀你的檔案。

主要功能：
• TOML、JSON、JSONC 與 YAML 的結構化樹狀檢視——就地瀏覽與編輯任何節點
• 無損往返：註解是可編輯的第一級節點，絕不遺失或被重新排序
• 型別安全的「kind 切換」——陣列 ↔ 行內表格、引號樣式、數字格式等
• 在 TOML、JSON/JSONC 與 YAML 之間相互轉換，寫入前提供完整的損耗警告報告
• JSON Schema 感知——自動偵測 $schema 提示，並在編輯時即時標記違規項目
• 模糊搜尋與型別篩選、多選、拖放、剪貼簿剪下/複製/貼上
• 完整的復原/重做歷史——每次變更都是原子性
• 內建終端機模式：在任何終端機執行 ""confy file.toml""，即可在 shell 中使用相同的編輯器
• English 與繁體中文介面，執行時可隨時切換
• 完全離線運作——無遙測、不收集資料、不需帳戶

Confy 為開源軟體（MIT 授權），專為每天處理設定檔、希望精確且安全地編輯而無需手寫文字差異的開發者而設計。","Confy 是一款適用於 TOML、JSON、JSONC 與 YAML 設定檔的結構化編輯器——它將你的設定檔視為樹狀結構，而非純文字。

瀏覽由索引鍵、表格、陣列與註解組成的即時大綱，精確編輯你想編輯的節點：重新命名索引鍵、變更值的型別、將子樹拖曳至新的父節點，或將整個檔案從 TOML 轉換為 YAML——絕不更動你未指定的任何內容。

每次編輯都是無損的：註解、空白字元與格式都會原封不動地保留，未修改的檔案可逐位元組完整往返。每次變更都是原子性且可完全復原——失敗的編輯絕不會損毀你的檔案。

主要功能：
• TOML、JSON、JSONC 與 YAML 的結構化樹狀檢視——就地瀏覽與編輯任何節點
• 無損往返：註解是可編輯的第一級節點，絕不遺失或被重新排序
• 型別安全的「kind 切換」——陣列 ↔ 行內表格、引號樣式、數字格式等
• 在 TOML、JSON/JSONC 與 YAML 之間相互轉換，寫入前提供完整的損耗警告報告
• JSON Schema 感知——自動偵測 $schema 提示，並在編輯時即時標記違規項目
• 模糊搜尋與型別篩選、多選、拖放、剪貼簿剪下/複製/貼上
• 完整的復原/重做歷史——每次變更都是原子性
• 內建終端機模式：在任何終端機執行 ""confy file.toml""，即可在 shell 中使用相同的編輯器
• English 與繁體中文介面，執行時可隨時切換
• 完全離線運作——無遙測、不收集資料、不需帳戶

Confy 為開源軟體（MIT 授權），專為每天處理設定檔、希望精確且安全地編輯而無需手寫文字差異的開發者而設計。","Confy 是一款适用于 TOML、JSON、JSONC 和 YAML 配置文件的结构化编辑器——它将你的配置视为树状结构，而非纯文本。

浏览由键、表、数组和注释组成的实时大纲，精确编辑你想编辑的节点：重命名键、更改值的类型、将子树拖拽至新的父节点，或将整个文件从 TOML 转换为 YAML——绝不更动你未指定的任何内容。

每次编辑都是无损的：注释、空白字符和格式都会原封不动地保留，未修改的文件可逐字节完整往返。每次更改都是原子性且可完全撤销——失败的编辑绝不会损坏你的文件。

主要功能：
• TOML、JSON、JSONC 和 YAML 的结构化树状视图——就地浏览和编辑任何节点
• 无损往返：注释是可编辑的一级节点，绝不丢失或被重新排序
• 类型安全的“kind 切换”——数组 ↔ 内联表格、引号样式、数字格式等
• 在 TOML、JSON/JSONC 和 YAML 之间相互转换，写入前提供完整的损耗警告报告
• JSON Schema 感知——自动检测 $schema 提示，并在编辑时实时标记违规项目
• 模糊搜索和类型筛选、多选、拖放、剪贴板剪切/复制/粘贴
• 完整的撤销/重做历史——每次更改都是原子性
• 内置终端模式：在任何终端运行 ""confy file.toml""，即可在 shell 中使用相同的编辑器
• English 和繁體中文界面，运行时可随时切换
• 完全离线运行——无遥测、不收集数据、无需账户

Confy 为开源软件（MIT 许可），专为每天处理配置文件、希望精确且安全地编辑而无需手写文本差异的开发者而设计。","Confy 是一款适用于 TOML、JSON、JSONC 和 YAML 配置文件的结构化编辑器——它将你的配置视为树状结构，而非纯文本。

浏览由键、表、数组和注释组成的实时大纲，精确编辑你想编辑的节点：重命名键、更改值的类型、将子树拖拽至新的父节点，或将整个文件从 TOML 转换为 YAML——绝不更动你未指定的任何内容。

每次编辑都是无损的：注释、空白字符和格式都会原封不动地保留，未修改的文件可逐字节完整往返。每次更改都是原子性且可完全撤销——失败的编辑绝不会损坏你的文件。

主要功能：
• TOML、JSON、JSONC 和 YAML 的结构化树状视图——就地浏览和编辑任何节点
• 无损往返：注释是可编辑的一级节点，绝不丢失或被重新排序
• 类型安全的“kind 切换”——数组 ↔ 内联表格、引号样式、数字格式等
• 在 TOML、JSON/JSONC 和 YAML 之间相互转换，写入前提供完整的损耗警告报告
• JSON Schema 感知——自动检测 $schema 提示，并在编辑时实时标记违规项目
• 模糊搜索和类型筛选、多选、拖放、剪贴板剪切/复制/粘贴
• 完整的撤销/重做历史——每次更改都是原子性
• 内置终端模式：在任何终端运行 ""confy file.toml""，即可在 shell 中使用相同的编辑器
• English 和繁體中文界面，运行时可随时切换
• 完全离线运行——无遥测、不收集数据、无需账户

Confy 为开源软件（MIT 许可），专为每天处理配置文件、希望精确且安全地编辑而无需手写文本差异的开发者而设计。","Confy 是一款适用于 TOML、JSON、JSONC 和 YAML 配置文件的结构化编辑器——它将你的配置视为树状结构，而非纯文本。

浏览由键、表、数组和注释组成的实时大纲，精确编辑你想编辑的节点：重命名键、更改值的类型、将子树拖拽至新的父节点，或将整个文件从 TOML 转换为 YAML——绝不更动你未指定的任何内容。

每次编辑都是无损的：注释、空白字符和格式都会原封不动地保留，未修改的文件可逐字节完整往返。每次更改都是原子性且可完全撤销——失败的编辑绝不会损坏你的文件。

主要功能：
• TOML、JSON、JSONC 和 YAML 的结构化树状视图——就地浏览和编辑任何节点
• 无损往返：注释是可编辑的一级节点，绝不丢失或被重新排序
• 类型安全的“kind 切换”——数组 ↔ 内联表格、引号样式、数字格式等
• 在 TOML、JSON/JSONC 和 YAML 之间相互转换，写入前提供完整的损耗警告报告
• JSON Schema 感知——自动检测 $schema 提示，并在编辑时实时标记违规项目
• 模糊搜索和类型筛选、多选、拖放、剪贴板剪切/复制/粘贴
• 完整的撤销/重做历史——每次更改都是原子性
• 内置终端模式：在任何终端运行 ""confy file.toml""，即可在 shell 中使用相同的编辑器
• English 和繁體中文界面，运行时可随时切换
• 完全离线运行——无遥测、不收集数据、无需账户

Confy 为开源软件（MIT 许可），专为每天处理配置文件、希望精确且安全地编辑而无需手写文本差异的开发者而设计。","Confy 是一款適用於 TOML、JSON、JSONC 與 YAML 設定檔的結構化編輯器——它將你的設定檔視為樹狀結構，而非純文字。

瀏覽由索引鍵、表格、陣列與註解組成的即時大綱，精確編輯你想編輯的節點：重新命名索引鍵、變更值的型別、將子樹拖曳至新的父節點，或將整個檔案從 TOML 轉換為 YAML——絕不更動你未指定的任何內容。

每次編輯都是無損的：註解、空白字元與格式都會原封不動地保留，未修改的檔案可逐位元組完整往返。每次變更都是原子性且可完全復原——失敗的編輯絕不會損毀你的檔案。

主要功能：
• TOML、JSON、JSONC 與 YAML 的結構化樹狀檢視——就地瀏覽與編輯任何節點
• 無損往返：註解是可編輯的第一級節點，絕不遺失或被重新排序
• 型別安全的「kind 切換」——陣列 ↔ 行內表格、引號樣式、數字格式等
• 在 TOML、JSON/JSONC 與 YAML 之間相互轉換，寫入前提供完整的損耗警告報告
• JSON Schema 感知——自動偵測 $schema 提示，並在編輯時即時標記違規項目
• 模糊搜尋與型別篩選、多選、拖放、剪貼簿剪下/複製/貼上
• 完整的復原/重做歷史——每次變更都是原子性
• 內建終端機模式：在任何終端機執行 ""confy file.toml""，即可在 shell 中使用相同的編輯器
• English 與繁體中文介面，執行時可隨時切換
• 完全離線運作——無遙測、不收集資料、不需帳戶

Confy 為開源軟體（MIT 授權），專為每天處理設定檔、希望精確且安全地編輯而無需手寫文字差異的開發者而設計。","Confy 是一款適用於 TOML、JSON、JSONC 與 YAML 設定檔的結構化編輯器——它將你的設定檔視為樹狀結構，而非純文字。

瀏覽由索引鍵、表格、陣列與註解組成的即時大綱，精確編輯你想編輯的節點：重新命名索引鍵、變更值的型別、將子樹拖曳至新的父節點，或將整個檔案從 TOML 轉換為 YAML——絕不更動你未指定的任何內容。

每次編輯都是無損的：註解、空白字元與格式都會原封不動地保留，未修改的檔案可逐位元組完整往返。每次變更都是原子性且可完全復原——失敗的編輯絕不會損毀你的檔案。

主要功能：
• TOML、JSON、JSONC 與 YAML 的結構化樹狀檢視——就地瀏覽與編輯任何節點
• 無損往返：註解是可編輯的第一級節點，絕不遺失或被重新排序
• 型別安全的「kind 切換」——陣列 ↔ 行內表格、引號樣式、數字格式等
• 在 TOML、JSON/JSONC 與 YAML 之間相互轉換，寫入前提供完整的損耗警告報告
• JSON Schema 感知——自動偵測 $schema 提示，並在編輯時即時標記違規項目
• 模糊搜尋與型別篩選、多選、拖放、剪貼簿剪下/複製/貼上
• 完整的復原/重做歷史——每次變更都是原子性
• 內建終端機模式：在任何終端機執行 ""confy file.toml""，即可在 shell 中使用相同的編輯器
• English 與繁體中文介面，執行時可隨時切換
• 完全離線運作——無遙測、不收集資料、不需帳戶

Confy 為開源軟體（MIT 授權），專為每天處理設定檔、希望精確且安全地編輯而無需手寫文字差異的開發者而設計。","Confy 是一款適用於 TOML、JSON、JSONC 與 YAML 設定檔的結構化編輯器——它將你的設定檔視為樹狀結構，而非純文字。

瀏覽由索引鍵、表格、陣列與註解組成的即時大綱，精確編輯你想編輯的節點：重新命名索引鍵、變更值的型別、將子樹拖曳至新的父節點，或將整個檔案從 TOML 轉換為 YAML——絕不更動你未指定的任何內容。

每次編輯都是無損的：註解、空白字元與格式都會原封不動地保留，未修改的檔案可逐位元組完整往返。每次變更都是原子性且可完全復原——失敗的編輯絕不會損毀你的檔案。

主要功能：
• TOML、JSON、JSONC 與 YAML 的結構化樹狀檢視——就地瀏覽與編輯任何節點
• 無損往返：註解是可編輯的第一級節點，絕不遺失或被重新排序
• 型別安全的「kind 切換」——陣列 ↔ 行內表格、引號樣式、數字格式等
• 在 TOML、JSON/JSONC 與 YAML 之間相互轉換，寫入前提供完整的損耗警告報告
• JSON Schema 感知——自動偵測 $schema 提示，並在編輯時即時標記違規項目
• 模糊搜尋與型別篩選、多選、拖放、剪貼簿剪下/複製/貼上
• 完整的復原/重做歷史——每次變更都是原子性
• 內建終端機模式：在任何終端機執行 ""confy file.toml""，即可在 shell 中使用相同的編輯器
• English 與繁體中文介面，執行時可隨時切換
• 完全離線運作——無遙測、不收集資料、不需帳戶

Confy 為開源軟體（MIT 授權），專為每天處理設定檔、希望精確且安全地編輯而無需手寫文字差異的開發者而設計。","Confy 是一款適用於 TOML、JSON、JSONC 與 YAML 設定檔的結構化編輯器——它將你的設定檔視為樹狀結構，而非純文字。

瀏覽由索引鍵、表格、陣列與註解組成的即時大綱，精確編輯你想編輯的節點：重新命名索引鍵、變更值的型別、將子樹拖曳至新的父節點，或將整個檔案從 TOML 轉換為 YAML——絕不更動你未指定的任何內容。

每次編輯都是無損的：註解、空白字元與格式都會原封不動地保留，未修改的檔案可逐位元組完整往返。每次變更都是原子性且可完全復原——失敗的編輯絕不會損毀你的檔案。

主要功能：
• TOML、JSON、JSONC 與 YAML 的結構化樹狀檢視——就地瀏覽與編輯任何節點
• 無損往返：註解是可編輯的第一級節點，絕不遺失或被重新排序
• 型別安全的「kind 切換」——陣列 ↔ 行內表格、引號樣式、數字格式等
• 在 TOML、JSON/JSONC 與 YAML 之間相互轉換，寫入前提供完整的損耗警告報告
• JSON Schema 感知——自動偵測 $schema 提示，並在編輯時即時標記違規項目
• 模糊搜尋與型別篩選、多選、拖放、剪貼簿剪下/複製/貼上
• 完整的復原/重做歷史——每次變更都是原子性
• 內建終端機模式：在任何終端機執行 ""confy file.toml""，即可在 shell 中使用相同的編輯器
• English 與繁體中文介面，執行時可隨時切換
• 完全離線運作——無遙測、不收集資料、不需帳戶

Confy 為開源軟體（MIT 授權），專為每天處理設定檔、希望精確且安全地編輯而無需手寫文字差異的開發者而設計。","Confy 是一款適用於 TOML、JSON、JSONC 與 YAML 設定檔的結構化編輯器——它將你的設定檔視為樹狀結構，而非純文字。

瀏覽由索引鍵、表格、陣列與註解組成的即時大綱，精確編輯你想編輯的節點：重新命名索引鍵、變更值的型別、將子樹拖曳至新的父節點，或將整個檔案從 TOML 轉換為 YAML——絕不更動你未指定的任何內容。

每次編輯都是無損的：註解、空白字元與格式都會原封不動地保留，未修改的檔案可逐位元組完整往返。每次變更都是原子性且可完全復原——失敗的編輯絕不會損毀你的檔案。

主要功能：
• TOML、JSON、JSONC 與 YAML 的結構化樹狀檢視——就地瀏覽與編輯任何節點
• 無損往返：註解是可編輯的第一級節點，絕不遺失或被重新排序
• 型別安全的「kind 切換」——陣列 ↔ 行內表格、引號樣式、數字格式等
• 在 TOML、JSON/JSONC 與 YAML 之間相互轉換，寫入前提供完整的損耗警告報告
• JSON Schema 感知——自動偵測 $schema 提示，並在編輯時即時標記違規項目
• 模糊搜尋與型別篩選、多選、拖放、剪貼簿剪下/複製/貼上
• 完整的復原/重做歷史——每次變更都是原子性
• 內建終端機模式：在任何終端機執行 ""confy file.toml""，即可在 shell 中使用相同的編輯器
• English 與繁體中文介面，執行時可隨時切換
• 完全離線運作——無遙測、不收集資料、不需帳戶

Confy 為開源軟體（MIT 授權），專為每天處理設定檔、希望精確且安全地編輯而無需手寫文字差異的開發者而設計。"
ReleaseNotes,3,Text,,"What's new in 0.30.1

• Fixed: the ""cut"" toast could replay its animation on every click or navigation while a cut/paste was still armed. The confirmed paste target now has its own clear visual highlight, separate from the mouse-hover preview, so you no longer need to move the mouse away to see exactly where the paste landed.","0.30.1 版更新内容

• 问题修复：在剪切/粘贴仍处于待命状态时，""已剪切""提示可能会在每次点击或导航时重播动画。已确认的粘贴目标现在有独立、清晰的视觉高亮，与鼠标悬停预览分开，无需再把鼠标移开即可看清粘贴的确切位置。","0.30.1 版更新內容

• 問題修正：在剪下/貼上仍處於待命狀態時，「已剪下」提示可能會在每次點擊或導覽時重播動畫。已確認的貼上目標現在有獨立、清楚的視覺標示，與滑鼠懸停預覽分開，不需再把滑鼠移開即可看清貼上的確切位置。","0.30.1 版更新内容

• 问题修复：在剪切/粘贴仍处于待命状态时，""已剪切""提示可能会在每次点击或导航时重播动画。已确认的粘贴目标现在有独立、清晰的视觉高亮，与鼠标悬停预览分开，无需再把鼠标移开即可看清粘贴的确切位置。","0.30.1 版更新内容

• 问题修复：在剪切/粘贴仍处于待命状态时，""已剪切""提示可能会在每次点击或导航时重播动画。已确认的粘贴目标现在有独立、清晰的视觉高亮，与鼠标悬停预览分开，无需再把鼠标移开即可看清粘贴的确切位置。","0.30.1 版更新內容

• 問題修正：在剪下/貼上仍處於待命狀態時，「已剪下」提示可能會在每次點擊或導覽時重播動畫。已確認的貼上目標現在有獨立、清楚的視覺標示，與滑鼠懸停預覽分開，不需再把滑鼠移開即可看清貼上的確切位置。","0.30.1 版更新內容

• 問題修正：在剪下/貼上仍處於待命狀態時，「已剪下」提示可能會在每次點擊或導覽時重播動畫。已確認的貼上目標現在有獨立、清楚的視覺標示，與滑鼠懸停預覽分開，不需再把滑鼠移開即可看清貼上的確切位置。","0.30.1 版更新内容

• 问题修复：在剪切/粘贴仍处于待命状态时，""已剪切""提示可能会在每次点击或导航时重播动画。已确认的粘贴目标现在有独立、清晰的视觉高亮，与鼠标悬停预览分开，无需再把鼠标移开即可看清粘贴的确切位置。","0.30.1 版更新内容

• 问题修复：在剪切/粘贴仍处于待命状态时，""已剪切""提示可能会在每次点击或导航时重播动画。已确认的粘贴目标现在有独立、清晰的视觉高亮，与鼠标悬停预览分开，无需再把鼠标移开即可看清粘贴的确切位置。","0.30.1 版更新内容

• 问题修复：在剪切/粘贴仍处于待命状态时，""已剪切""提示可能会在每次点击或导航时重播动画。已确认的粘贴目标现在有独立、清晰的视觉高亮，与鼠标悬停预览分开，无需再把鼠标移开即可看清粘贴的确切位置。","0.30.1 版更新內容

• 問題修正：在剪下/貼上仍處於待命狀態時，「已剪下」提示可能會在每次點擊或導覽時重播動畫。已確認的貼上目標現在有獨立、清楚的視覺標示，與滑鼠懸停預覽分開，不需再把滑鼠移開即可看清貼上的確切位置。","0.30.1 版更新內容

• 問題修正：在剪下/貼上仍處於待命狀態時，「已剪下」提示可能會在每次點擊或導覽時重播動畫。已確認的貼上目標現在有獨立、清楚的視覺標示，與滑鼠懸停預覽分開，不需再把滑鼠移開即可看清貼上的確切位置。","0.30.1 版更新內容

• 問題修正：在剪下/貼上仍處於待命狀態時，「已剪下」提示可能會在每次點擊或導覽時重播動畫。已確認的貼上目標現在有獨立、清楚的視覺標示，與滑鼠懸停預覽分開，不需再把滑鼠移開即可看清貼上的確切位置。","0.30.1 版更新內容

• 問題修正：在剪下/貼上仍處於待命狀態時，「已剪下」提示可能會在每次點擊或導覽時重播動畫。已確認的貼上目標現在有獨立、清楚的視覺標示，與滑鼠懸停預覽分開，不需再把滑鼠移開即可看清貼上的確切位置。"
Title,4,Text,,Confy — TOML/JSON/YAML Editor,Confy — TOML/JSON/YAML Editor,Confy — TOML/JSON/YAML Editor,Confy — TOML/JSON/YAML Editor,Confy — TOML/JSON/YAML Editor,Confy — TOML/JSON/YAML Editor,Confy — TOML/JSON/YAML Editor,Confy — TOML/JSON/YAML Editor,Confy — TOML/JSON/YAML Editor,Confy — TOML/JSON/YAML Editor,Confy — TOML/JSON/YAML Editor,Confy — TOML/JSON/YAML Editor,Confy — TOML/JSON/YAML Editor,Confy — TOML/JSON/YAML Editor
ShortTitle,5,Text,,,,,,,,,,,,,,,
SortTitle,6,Text,,,,,,,,,,,,,,,
VoiceTitle,7,Text,,,,,,,,,,,,,,,
ShortDescription,8,Text,,"A lossless structural editor for TOML, JSON, JSONC, and YAML config files — edit the tree, not raw text, with comments and formatting fully preserved.",一款无损的结构化编辑器，适用于 TOML、JSON、JSONC 和 YAML 配置文件——直接编辑树状结构，而非纯文本，并完整保留注释与格式。,一款無損的結構化編輯器，適用於 TOML、JSON、JSONC 與 YAML 設定檔——直接編輯樹狀結構，而非純文字，並完整保留註解與格式。,一款无损的结构化编辑器，适用于 TOML、JSON、JSONC 和 YAML 配置文件——直接编辑树状结构，而非纯文本，并完整保留注释与格式。,一款无损的结构化编辑器，适用于 TOML、JSON、JSONC 和 YAML 配置文件——直接编辑树状结构，而非纯文本，并完整保留注释与格式。,一款無損的結構化編輯器，適用於 TOML、JSON、JSONC 與 YAML 設定檔——直接編輯樹狀結構，而非純文字，並完整保留註解與格式。,一款無損的結構化編輯器，適用於 TOML、JSON、JSONC 與 YAML 設定檔——直接編輯樹狀結構，而非純文字，並完整保留註解與格式。,一款无损的结构化编辑器，适用于 TOML、JSON、JSONC 和 YAML 配置文件——直接编辑树状结构，而非纯文本，并完整保留注释与格式。,一款无损的结构化编辑器，适用于 TOML、JSON、JSONC 和 YAML 配置文件——直接编辑树状结构，而非纯文本，并完整保留注释与格式。,一款无损的结构化编辑器，适用于 TOML、JSON、JSONC 和 YAML 配置文件——直接编辑树状结构，而非纯文本，并完整保留注释与格式。,一款無損的結構化編輯器，適用於 TOML、JSON、JSONC 與 YAML 設定檔——直接編輯樹狀結構，而非純文字，並完整保留註解與格式。,一款無損的結構化編輯器，適用於 TOML、JSON、JSONC 與 YAML 設定檔——直接編輯樹狀結構，而非純文字，並完整保留註解與格式。,一款無損的結構化編輯器，適用於 TOML、JSON、JSONC 與 YAML 設定檔——直接編輯樹狀結構，而非純文字，並完整保留註解與格式。,一款無損的結構化編輯器，適用於 TOML、JSON、JSONC 與 YAML 設定檔——直接編輯樹狀結構，而非純文字，並完整保留註解與格式。
DevStudio,9,Text,,WenanLin Studio,WenanLin Studio,WenanLin Studio,WenanLin Studio,WenanLin Studio,WenanLin Studio,WenanLin Studio,WenanLin Studio,WenanLin Studio,WenanLin Studio,WenanLin Studio,WenanLin Studio,WenanLin Studio,WenanLin Studio
CopyrightTrademarkInformation,12,Text,,© 2026 WenanLin Studio,© 2026 WenanLin Studio,© 2026 WenanLin Studio,© 2026 WenanLin Studio,© 2026 WenanLin Studio,© 2026 WenanLin Studio,© 2026 WenanLin Studio,© 2026 WenanLin Studio,© 2026 WenanLin Studio,© 2026 WenanLin Studio,© 2026 WenanLin Studio,© 2026 WenanLin Studio,© 2026 WenanLin Studio,© 2026 WenanLin Studio
AdditionalLicenseTerms,13,Text,,,,,,,,,,,,,,,
DesktopScreenshot1,100,Relative path (or URL to file in Partner Center),,https://developer.microsoft.com/en-us/dashboard/apps/9PLCJGQ3C654/submissions/1152921505701773532/listings/1152922700026329873/listingassets/3017217055927925179,https://developer.microsoft.com/en-us/dashboard/apps/9PLCJGQ3C654/submissions/1152921505701773532/listings/1152922700027190062/listingassets/3017217055927925179,https://developer.microsoft.com/en-us/dashboard/apps/9PLCJGQ3C654/submissions/1152921505701773532/listings/1152922700027190074/listingassets/3017217055927925179,https://developer.microsoft.com/en-us/dashboard/apps/9PLCJGQ3C654/submissions/1152921505701773532/listings/1152922700027190079/listingassets/3017217055927925179,https://developer.microsoft.com/en-us/dashboard/apps/9PLCJGQ3C654/submissions/1152921505701773532/listings/1152922700027190081/listingassets/3017217055927925179,https://developer.microsoft.com/en-us/dashboard/apps/9PLCJGQ3C654/submissions/1152921505701773532/listings/1152922700027190083/listingassets/3017217055927925179,https://developer.microsoft.com/en-us/dashboard/apps/9PLCJGQ3C654/submissions/1152921505701773532/listings/1152922700027190085/listingassets/3017217055927925179,https://developer.microsoft.com/en-us/dashboard/apps/9PLCJGQ3C654/submissions/1152921505701773532/listings/1152922700027190087/listingassets/3017217055927925179,https://developer.microsoft.com/en-us/dashboard/apps/9PLCJGQ3C654/submissions/1152921505701773532/listings/1152922700027190119/listingassets/3017217055927925179,https://developer.microsoft.com/en-us/dashboard/apps/9PLCJGQ3C654/submissions/1152921505701773532/listings/1152922700027190091/listingassets/3017217055927925179,https://developer.microsoft.com/en-us/dashboard/apps/9PLCJGQ3C654/submissions/1152921505701773532/listings/1152922700027190093/listingassets/3017217055927925179,https://developer.microsoft.com/en-us/dashboard/apps/9PLCJGQ3C654/submissions/1152921505701773532/listings/1152922700027190095/listingassets/3017217055927925179,https://developer.microsoft.com/en-us/dashboard/apps/9PLCJGQ3C654/submissions/1152921505701773532/listings/1152922700027190118/listingassets/3017217055927925179,https://developer.microsoft.com/en-us/dashboard/apps/9PLCJGQ3C654/submissions/1152921505701773532/listings/1152922700027190097/listingassets/3017217055927925179
DesktopScreenshot2,101,Relative path (or URL to file in Partner Center),,https://developer.microsoft.com/en-us/dashboard/apps/9PLCJGQ3C654/submissions/1152921505701773532/listings/1152922700026329873/listingassets/3064866537110905739,https://developer.microsoft.com/en-us/dashboard/apps/9PLCJGQ3C654/submissions/1152921505701773532/listings/1152922700027190062/listingassets/3064866537110905739,https://developer.microsoft.com/en-us/dashboard/apps/9PLCJGQ3C654/submissions/1152921505701773532/listings/1152922700027190074/listingassets/3064866537110905739,https://developer.microsoft.com/en-us/dashboard/apps/9PLCJGQ3C654/submissions/1152921505701773532/listings/1152922700027190079/listingassets/3064866537110905739,https://developer.microsoft.com/en-us/dashboard/apps/9PLCJGQ3C654/submissions/1152921505701773532/listings/1152922700027190081/listingassets/3064866537110905739,https://developer.microsoft.com/en-us/dashboard/apps/9PLCJGQ3C654/submissions/1152921505701773532/listings/1152922700027190083/listingassets/3064866537110905739,https://developer.microsoft.com/en-us/dashboard/apps/9PLCJGQ3C654/submissions/1152921505701773532/listings/1152922700027190085/listingassets/3064866537110905739,https://developer.microsoft.com/en-us/dashboard/apps/9PLCJGQ3C654/submissions/1152921505701773532/listings/1152922700027190087/listingassets/3064866537110905739,https://developer.microsoft.com/en-us/dashboard/apps/9PLCJGQ3C654/submissions/1152921505701773532/listings/1152922700027190119/listingassets/3064866537110905739,https://developer.microsoft.com/en-us/dashboard/apps/9PLCJGQ3C654/submissions/1152921505701773532/listings/1152922700027190091/listingassets/3064866537110905739,https://developer.microsoft.com/en-us/dashboard/apps/9PLCJGQ3C654/submissions/1152921505701773532/listings/1152922700027190093/listingassets/3064866537110905739,https://developer.microsoft.com/en-us/dashboard/apps/9PLCJGQ3C654/submissions/1152921505701773532/listings/1152922700027190095/listingassets/3064866537110905739,https://developer.microsoft.com/en-us/dashboard/apps/9PLCJGQ3C654/submissions/1152921505701773532/listings/1152922700027190118/listingassets/3064866537110905739,https://developer.microsoft.com/en-us/dashboard/apps/9PLCJGQ3C654/submissions/1152921505701773532/listings/1152922700027190097/listingassets/3064866537110905739
DesktopScreenshot3,102,Relative path (or URL to file in Partner Center),,https://developer.microsoft.com/en-us/dashboard/apps/9PLCJGQ3C654/submissions/1152921505701773532/listings/1152922700026329873/listingassets/3017203682193279853,https://developer.microsoft.com/en-us/dashboard/apps/9PLCJGQ3C654/submissions/1152921505701773532/listings/1152922700027190062/listingassets/3017203682193279853,https://developer.microsoft.com/en-us/dashboard/apps/9PLCJGQ3C654/submissions/1152921505701773532/listings/1152922700027190074/listingassets/3017203682193279853,https://developer.microsoft.com/en-us/dashboard/apps/9PLCJGQ3C654/submissions/1152921505701773532/listings/1152922700027190079/listingassets/3017203682193279853,https://developer.microsoft.com/en-us/dashboard/apps/9PLCJGQ3C654/submissions/1152921505701773532/listings/1152922700027190081/listingassets/3017203682193279853,https://developer.microsoft.com/en-us/dashboard/apps/9PLCJGQ3C654/submissions/1152921505701773532/listings/1152922700027190083/listingassets/3017203682193279853,https://developer.microsoft.com/en-us/dashboard/apps/9PLCJGQ3C654/submissions/1152921505701773532/listings/1152922700027190085/listingassets/3017203682193279853,https://developer.microsoft.com/en-us/dashboard/apps/9PLCJGQ3C654/submissions/1152921505701773532/listings/1152922700027190087/listingassets/3017203682193279853,https://developer.microsoft.com/en-us/dashboard/apps/9PLCJGQ3C654/submissions/1152921505701773532/listings/1152922700027190119/listingassets/3017203682193279853,https://developer.microsoft.com/en-us/dashboard/apps/9PLCJGQ3C654/submissions/1152921505701773532/listings/1152922700027190091/listingassets/3017203682193279853,https://developer.microsoft.com/en-us/dashboard/apps/9PLCJGQ3C654/submissions/1152921505701773532/listings/1152922700027190093/listingassets/3017203682193279853,https://developer.microsoft.com/en-us/dashboard/apps/9PLCJGQ3C654/submissions/1152921505701773532/listings/1152922700027190095/listingassets/3017203682193279853,https://developer.microsoft.com/en-us/dashboard/apps/9PLCJGQ3C654/submissions/1152921505701773532/listings/1152922700027190118/listingassets/3017203682193279853,https://developer.microsoft.com/en-us/dashboard/apps/9PLCJGQ3C654/submissions/1152921505701773532/listings/1152922700027190097/listingassets/3017203682193279853
DesktopScreenshot4,103,Relative path (or URL to file in Partner Center),,https://developer.microsoft.com/en-us/dashboard/apps/9PLCJGQ3C654/submissions/1152921505701773532/listings/1152922700026329873/listingassets/3070601838949115588,https://developer.microsoft.com/en-us/dashboard/apps/9PLCJGQ3C654/submissions/1152921505701773532/listings/1152922700027190062/listingassets/3070601838949115588,https://developer.microsoft.com/en-us/dashboard/apps/9PLCJGQ3C654/submissions/1152921505701773532/listings/1152922700027190074/listingassets/3070601838949115588,https://developer.microsoft.com/en-us/dashboard/apps/9PLCJGQ3C654/submissions/1152921505701773532/listings/1152922700027190079/listingassets/3070601838949115588,https://developer.microsoft.com/en-us/dashboard/apps/9PLCJGQ3C654/submissions/1152921505701773532/listings/1152922700027190081/listingassets/3070601838949115588,https://developer.microsoft.com/en-us/dashboard/apps/9PLCJGQ3C654/submissions/1152921505701773532/listings/1152922700027190083/listingassets/3070601838949115588,https://developer.microsoft.com/en-us/dashboard/apps/9PLCJGQ3C654/submissions/1152921505701773532/listings/1152922700027190085/listingassets/3070601838949115588,https://developer.microsoft.com/en-us/dashboard/apps/9PLCJGQ3C654/submissions/1152921505701773532/listings/1152922700027190087/listingassets/3070601838949115588,https://developer.microsoft.com/en-us/dashboard/apps/9PLCJGQ3C654/submissions/1152921505701773532/listings/1152922700027190119/listingassets/3070601838949115588,https://developer.microsoft.com/en-us/dashboard/apps/9PLCJGQ3C654/submissions/1152921505701773532/listings/1152922700027190091/listingassets/3070601838949115588,https://developer.microsoft.com/en-us/dashboard/apps/9PLCJGQ3C654/submissions/1152921505701773532/listings/1152922700027190093/listingassets/3070601838949115588,https://developer.microsoft.com/en-us/dashboard/apps/9PLCJGQ3C654/submissions/1152921505701773532/listings/1152922700027190095/listingassets/3070601838949115588,https://developer.microsoft.com/en-us/dashboard/apps/9PLCJGQ3C654/submissions/1152921505701773532/listings/1152922700027190118/listingassets/3070601838949115588,https://developer.microsoft.com/en-us/dashboard/apps/9PLCJGQ3C654/submissions/1152921505701773532/listings/1152922700027190097/listingassets/3070601838949115588
DesktopScreenshot5,104,Relative path (or URL to file in Partner Center),,https://developer.microsoft.com/en-us/dashboard/apps/9PLCJGQ3C654/submissions/1152921505701773532/listings/1152922700026329873/listingassets/3036123883107245719,https://developer.microsoft.com/en-us/dashboard/apps/9PLCJGQ3C654/submissions/1152921505701773532/listings/1152922700027190062/listingassets/3036123883107245719,https://developer.microsoft.com/en-us/dashboard/apps/9PLCJGQ3C654/submissions/1152921505701773532/listings/1152922700027190074/listingassets/3036123883107245719,https://developer.microsoft.com/en-us/dashboard/apps/9PLCJGQ3C654/submissions/1152921505701773532/listings/1152922700027190079/listingassets/3036123883107245719,https://developer.microsoft.com/en-us/dashboard/apps/9PLCJGQ3C654/submissions/1152921505701773532/listings/1152922700027190081/listingassets/3036123883107245719,https://developer.microsoft.com/en-us/dashboard/apps/9PLCJGQ3C654/submissions/1152921505701773532/listings/1152922700027190083/listingassets/3036123883107245719,https://developer.microsoft.com/en-us/dashboard/apps/9PLCJGQ3C654/submissions/1152921505701773532/listings/1152922700027190085/listingassets/3036123883107245719,https://developer.microsoft.com/en-us/dashboard/apps/9PLCJGQ3C654/submissions/1152921505701773532/listings/1152922700027190087/listingassets/3036123883107245719,https://developer.microsoft.com/en-us/dashboard/apps/9PLCJGQ3C654/submissions/1152921505701773532/listings/1152922700027190119/listingassets/3036123883107245719,https://developer.microsoft.com/en-us/dashboard/apps/9PLCJGQ3C654/submissions/1152921505701773532/listings/1152922700027190091/listingassets/3036123883107245719,https://developer.microsoft.com/en-us/dashboard/apps/9PLCJGQ3C654/submissions/1152921505701773532/listings/1152922700027190093/listingassets/3036123883107245719,https://developer.microsoft.com/en-us/dashboard/apps/9PLCJGQ3C654/submissions/1152921505701773532/listings/1152922700027190095/listingassets/3036123883107245719,https://developer.microsoft.com/en-us/dashboard/apps/9PLCJGQ3C654/submissions/1152921505701773532/listings/1152922700027190118/listingassets/3036123883107245719,https://developer.microsoft.com/en-us/dashboard/apps/9PLCJGQ3C654/submissions/1152921505701773532/listings/1152922700027190097/listingassets/3036123883107245719
DesktopScreenshot6,105,Relative path (or URL to file in Partner Center),,https://developer.microsoft.com/en-us/dashboard/apps/9PLCJGQ3C654/submissions/1152921505701773532/listings/1152922700026329873/listingassets/3069756320113552350,https://developer.microsoft.com/en-us/dashboard/apps/9PLCJGQ3C654/submissions/1152921505701773532/listings/1152922700027190062/listingassets/3069756320113552350,https://developer.microsoft.com/en-us/dashboard/apps/9PLCJGQ3C654/submissions/1152921505701773532/listings/1152922700027190074/listingassets/3069756320113552350,https://developer.microsoft.com/en-us/dashboard/apps/9PLCJGQ3C654/submissions/1152921505701773532/listings/1152922700027190079/listingassets/3069756320113552350,https://developer.microsoft.com/en-us/dashboard/apps/9PLCJGQ3C654/submissions/1152921505701773532/listings/1152922700027190081/listingassets/3069756320113552350,https://developer.microsoft.com/en-us/dashboard/apps/9PLCJGQ3C654/submissions/1152921505701773532/listings/1152922700027190083/listingassets/3069756320113552350,https://developer.microsoft.com/en-us/dashboard/apps/9PLCJGQ3C654/submissions/1152921505701773532/listings/1152922700027190085/listingassets/3069756320113552350,https://developer.microsoft.com/en-us/dashboard/apps/9PLCJGQ3C654/submissions/1152921505701773532/listings/1152922700027190087/listingassets/3069756320113552350,https://developer.microsoft.com/en-us/dashboard/apps/9PLCJGQ3C654/submissions/1152921505701773532/listings/1152922700027190119/listingassets/3069756320113552350,https://developer.microsoft.com/en-us/dashboard/apps/9PLCJGQ3C654/submissions/1152921505701773532/listings/1152922700027190091/listingassets/3069756320113552350,https://developer.microsoft.com/en-us/dashboard/apps/9PLCJGQ3C654/submissions/1152921505701773532/listings/1152922700027190093/listingassets/3069756320113552350,https://developer.microsoft.com/en-us/dashboard/apps/9PLCJGQ3C654/submissions/1152921505701773532/listings/1152922700027190095/listingassets/3069756320113552350,https://developer.microsoft.com/en-us/dashboard/apps/9PLCJGQ3C654/submissions/1152921505701773532/listings/1152922700027190118/listingassets/3069756320113552350,https://developer.microsoft.com/en-us/dashboard/apps/9PLCJGQ3C654/submissions/1152921505701773532/listings/1152922700027190097/listingassets/3069756320113552350
DesktopScreenshot7,106,Relative path (or URL to file in Partner Center),,,,,,,,,,,,,,,
DesktopScreenshot8,107,Relative path (or URL to file in Partner Center),,,,,,,,,,,,,,,
DesktopScreenshot9,108,Relative path (or URL to file in Partner Center),,,,,,,,,,,,,,,
DesktopScreenshot10,109,Relative path (or URL to file in Partner Center),,,,,,,,,,,,,,,
DesktopScreenshot11,110,Relative path (or URL to file in Partner Center),,,,,,,,,,,,,,,
DesktopScreenshot12,111,Relative path (or URL to file in Partner Center),,,,,,,,,,,,,,,
DesktopScreenshot13,112,Relative path (or URL to file in Partner Center),,,,,,,,,,,,,,,
DesktopScreenshot14,113,Relative path (or URL to file in Partner Center),,,,,,,,,,,,,,,
DesktopScreenshot15,114,Relative path (or URL to file in Partner Center),,,,,,,,,,,,,,,
DesktopScreenshot16,115,Relative path (or URL to file in Partner Center),,,,,,,,,,,,,,,
DesktopScreenshot17,116,Relative path (or URL to file in Partner Center),,,,,,,,,,,,,,,
DesktopScreenshot18,117,Relative path (or URL to file in Partner Center),,,,,,,,,,,,,,,
DesktopScreenshot19,118,Relative path (or URL to file in Partner Center),,,,,,,,,,,,,,,
DesktopScreenshot20,119,Relative path (or URL to file in Partner Center),,,,,,,,,,,,,,,
DesktopScreenshot21,120,Relative path (or URL to file in Partner Center),,,,,,,,,,,,,,,
DesktopScreenshot22,121,Relative path (or URL to file in Partner Center),,,,,,,,,,,,,,,
DesktopScreenshot23,122,Relative path (or URL to file in Partner Center),,,,,,,,,,,,,,,
DesktopScreenshot24,123,Relative path (or URL to file in Partner Center),,,,,,,,,,,,,,,
DesktopScreenshot25,124,Relative path (or URL to file in Partner Center),,,,,,,,,,,,,,,
DesktopScreenshot26,125,Relative path (or URL to file in Partner Center),,,,,,,,,,,,,,,
DesktopScreenshot27,126,Relative path (or URL to file in Partner Center),,,,,,,,,,,,,,,
DesktopScreenshot28,127,Relative path (or URL to file in Partner Center),,,,,,,,,,,,,,,
DesktopScreenshot29,128,Relative path (or URL to file in Partner Center),,,,,,,,,,,,,,,
DesktopScreenshot30,129,Relative path (or URL to file in Partner Center),,,,,,,,,,,,,,,
DesktopScreenshotCaption1,150,Text,,"Structural tree view — tables, arrays & scalars in TOML","结构化树状视图——TOML 的表、数组和标量","結構化樹狀檢視——TOML 的表格、陣列與純量","结构化树状视图——TOML 的表、数组和标量","结构化树状视图——TOML 的表、数组和标量","結構化樹狀檢視——TOML 的表格、陣列與純量","結構化樹狀檢視——TOML 的表格、陣列與純量","结构化树状视图——TOML 的表、数组和标量","结构化树状视图——TOML 的表、数组和标量","结构化树状视图——TOML 的表、数组和标量","結構化樹狀檢視——TOML 的表格、陣列與純量","結構化樹狀檢視——TOML 的表格、陣列與純量","結構化樹狀檢視——TOML 的表格、陣列與純量","結構化樹狀檢視——TOML 的表格、陣列與純量"
DesktopScreenshotCaption2,151,Text,,Fuzzy search & filter — narrow the tree by key or value,"模糊搜索和筛选——按键或值快速缩小树状范围","模糊搜尋與篩選——依索引鍵或值快速縮小樹狀範圍","模糊搜索和筛选——按键或值快速缩小树状范围","模糊搜索和筛选——按键或值快速缩小树状范围","模糊搜尋與篩選——依索引鍵或值快速縮小樹狀範圍","模糊搜尋與篩選——依索引鍵或值快速縮小樹狀範圍","模糊搜索和筛选——按键或值快速缩小树状范围","模糊搜索和筛选——按键或值快速缩小树状范围","模糊搜索和筛选——按键或值快速缩小树状范围","模糊搜尋與篩選——依索引鍵或值快速縮小樹狀範圍","模糊搜尋與篩選——依索引鍵或值快速縮小樹狀範圍","模糊搜尋與篩選——依索引鍵或值快速縮小樹狀範圍","模糊搜尋與篩選——依索引鍵或值快速縮小樹狀範圍"
DesktopScreenshotCaption3,152,Text,,Inline-edit any node's value with its full breadcrumb path,"就地编辑任何节点的值，并显示完整的面包屑路径","就地編輯任何節點的值，並顯示完整的麵包屑路徑","就地编辑任何节点的值，并显示完整的面包屑路径","就地编辑任何节点的值，并显示完整的面包屑路径","就地編輯任何節點的值，並顯示完整的麵包屑路徑","就地編輯任何節點的值，並顯示完整的麵包屑路徑","就地编辑任何节点的值，并显示完整的面包屑路径","就地编辑任何节点的值，并显示完整的面包屑路径","就地编辑任何节点的值，并显示完整的面包屑路径","就地編輯任何節點的值，並顯示完整的麵包屑路徑","就地編輯任何節點的值，並顯示完整的麵包屑路徑","就地編輯任何節點的值，並顯示完整的麵包屑路徑","就地編輯任何節點的值，並顯示完整的麵包屑路徑"
DesktopScreenshotCaption4,153,Text,,One editor for TOML/JSON/YAML — convert between formats,"一套编辑器支持 TOML/JSON/YAML——并可在格式间相互转换","一套編輯器支援 TOML/JSON/YAML——並可在格式間相互轉換","一套编辑器支持 TOML/JSON/YAML——并可在格式间相互转换","一套编辑器支持 TOML/JSON/YAML——并可在格式间相互转换","一套編輯器支援 TOML/JSON/YAML——並可在格式間相互轉換","一套編輯器支援 TOML/JSON/YAML——並可在格式間相互轉換","一套编辑器支持 TOML/JSON/YAML——并可在格式间相互转换","一套编辑器支持 TOML/JSON/YAML——并可在格式间相互转换","一套编辑器支持 TOML/JSON/YAML——并可在格式间相互转换","一套編輯器支援 TOML/JSON/YAML——並可在格式間相互轉換","一套編輯器支援 TOML/JSON/YAML——並可在格式間相互轉換","一套編輯器支援 TOML/JSON/YAML——並可在格式間相互轉換","一套編輯器支援 TOML/JSON/YAML——並可在格式間相互轉換"
DesktopScreenshotCaption5,154,Text,,"JSON Schema awareness — live, non-blocking violation flags","JSON Schema 感知——实时标记违规，且不阻挡任何操作","JSON Schema 感知——即時標記違規，且不阻擋任何操作","JSON Schema 感知——实时标记违规，且不阻挡任何操作","JSON Schema 感知——实时标记违规，且不阻挡任何操作","JSON Schema 感知——即時標記違規，且不阻擋任何操作","JSON Schema 感知——即時標記違規，且不阻擋任何操作","JSON Schema 感知——实时标记违规，且不阻挡任何操作","JSON Schema 感知——实时标记违规，且不阻挡任何操作","JSON Schema 感知——实时标记违规，且不阻挡任何操作","JSON Schema 感知——即時標記違規，且不阻擋任何操作","JSON Schema 感知——即時標記違規，且不阻擋任何操作","JSON Schema 感知——即時標記違規，且不阻擋任何操作","JSON Schema 感知——即時標記違規，且不阻擋任何操作"
DesktopScreenshotCaption6,155,Text,,"Terminal TUI included — run ""confy file.toml"" in any shell","内置终端 TUI——在任何 shell 运行 ""confy file.toml""","內建終端機 TUI——在任何 shell 執行 ""confy file.toml""","内置终端 TUI——在任何 shell 运行 ""confy file.toml""","内置终端 TUI——在任何 shell 运行 ""confy file.toml""","內建終端機 TUI——在任何 shell 執行 ""confy file.toml""","內建終端機 TUI——在任何 shell 執行 ""confy file.toml""","内置终端 TUI——在任何 shell 运行 ""confy file.toml""","内置终端 TUI——在任何 shell 运行 ""confy file.toml""","内置终端 TUI——在任何 shell 运行 ""confy file.toml""","內建終端機 TUI——在任何 shell 執行 ""confy file.toml""","內建終端機 TUI——在任何 shell 執行 ""confy file.toml""","內建終端機 TUI——在任何 shell 執行 ""confy file.toml""","內建終端機 TUI——在任何 shell 執行 ""confy file.toml"""
DesktopScreenshotCaption7,156,Text,,,,,,,,,,,,,,,
DesktopScreenshotCaption8,157,Text,,,,,,,,,,,,,,,
DesktopScreenshotCaption9,158,Text,,,,,,,,,,,,,,,
DesktopScreenshotCaption10,159,Text,,,,,,,,,,,,,,,
DesktopScreenshotCaption11,160,Text,,,,,,,,,,,,,,,
DesktopScreenshotCaption12,161,Text,,,,,,,,,,,,,,,
DesktopScreenshotCaption13,162,Text,,,,,,,,,,,,,,,
DesktopScreenshotCaption14,163,Text,,,,,,,,,,,,,,,
DesktopScreenshotCaption15,164,Text,,,,,,,,,,,,,,,
DesktopScreenshotCaption16,165,Text,,,,,,,,,,,,,,,
DesktopScreenshotCaption17,166,Text,,,,,,,,,,,,,,,
DesktopScreenshotCaption18,167,Text,,,,,,,,,,,,,,,
DesktopScreenshotCaption19,168,Text,,,,,,,,,,,,,,,
DesktopScreenshotCaption20,169,Text,,,,,,,,,,,,,,,
DesktopScreenshotCaption21,170,Text,,,,,,,,,,,,,,,
DesktopScreenshotCaption22,171,Text,,,,,,,,,,,,,,,
DesktopScreenshotCaption23,172,Text,,,,,,,,,,,,,,,
DesktopScreenshotCaption24,173,Text,,,,,,,,,,,,,,,
DesktopScreenshotCaption25,174,Text,,,,,,,,,,,,,,,
DesktopScreenshotCaption26,175,Text,,,,,,,,,,,,,,,
DesktopScreenshotCaption27,176,Text,,,,,,,,,,,,,,,
DesktopScreenshotCaption28,177,Text,,,,,,,,,,,,,,,
DesktopScreenshotCaption29,178,Text,,,,,,,,,,,,,,,
DesktopScreenshotCaption30,179,Text,,,,,,,,,,,,,,,
MobileScreenshot1,200,Relative path (or URL to file in Partner Center),,,,,,,,,,,,,,,
MobileScreenshot2,201,Relative path (or URL to file in Partner Center),,,,,,,,,,,,,,,
MobileScreenshot3,202,Relative path (or URL to file in Partner Center),,,,,,,,,,,,,,,
MobileScreenshot4,203,Relative path (or URL to file in Partner Center),,,,,,,,,,,,,,,
MobileScreenshot5,204,Relative path (or URL to file in Partner Center),,,,,,,,,,,,,,,
MobileScreenshot6,205,Relative path (or URL to file in Partner Center),,,,,,,,,,,,,,,
MobileScreenshot7,206,Relative path (or URL to file in Partner Center),,,,,,,,,,,,,,,
MobileScreenshot8,207,Relative path (or URL to file in Partner Center),,,,,,,,,,,,,,,
MobileScreenshot9,208,Relative path (or URL to file in Partner Center),,,,,,,,,,,,,,,
MobileScreenshot10,209,Relative path (or URL to file in Partner Center),,,,,,,,,,,,,,,
MobileScreenshot11,210,Relative path (or URL to file in Partner Center),,,,,,,,,,,,,,,
MobileScreenshot12,211,Relative path (or URL to file in Partner Center),,,,,,,,,,,,,,,
MobileScreenshot13,212,Relative path (or URL to file in Partner Center),,,,,,,,,,,,,,,
MobileScreenshot14,213,Relative path (or URL to file in Partner Center),,,,,,,,,,,,,,,
MobileScreenshot15,214,Relative path (or URL to file in Partner Center),,,,,,,,,,,,,,,
MobileScreenshot16,215,Relative path (or URL to file in Partner Center),,,,,,,,,,,,,,,
MobileScreenshot17,216,Relative path (or URL to file in Partner Center),,,,,,,,,,,,,,,
MobileScreenshot18,217,Relative path (or URL to file in Partner Center),,,,,,,,,,,,,,,
MobileScreenshot19,218,Relative path (or URL to file in Partner Center),,,,,,,,,,,,,,,
MobileScreenshot20,219,Relative path (or URL to file in Partner Center),,,,,,,,,,,,,,,
MobileScreenshot21,220,Relative path (or URL to file in Partner Center),,,,,,,,,,,,,,,
MobileScreenshot22,221,Relative path (or URL to file in Partner Center),,,,,,,,,,,,,,,
MobileScreenshot23,222,Relative path (or URL to file in Partner Center),,,,,,,,,,,,,,,
MobileScreenshot24,223,Relative path (or URL to file in Partner Center),,,,,,,,,,,,,,,
MobileScreenshot25,224,Relative path (or URL to file in Partner Center),,,,,,,,,,,,,,,
MobileScreenshot26,225,Relative path (or URL to file in Partner Center),,,,,,,,,,,,,,,
MobileScreenshot27,226,Relative path (or URL to file in Partner Center),,,,,,,,,,,,,,,
MobileScreenshot28,227,Relative path (or URL to file in Partner Center),,,,,,,,,,,,,,,
MobileScreenshot29,228,Relative path (or URL to file in Partner Center),,,,,,,,,,,,,,,
MobileScreenshot30,229,Relative path (or URL to file in Partner Center),,,,,,,,,,,,,,,
MobileScreenshotCaption1,250,Text,,,,,,,,,,,,,,,
MobileScreenshotCaption2,251,Text,,,,,,,,,,,,,,,
MobileScreenshotCaption3,252,Text,,,,,,,,,,,,,,,
MobileScreenshotCaption4,253,Text,,,,,,,,,,,,,,,
MobileScreenshotCaption5,254,Text,,,,,,,,,,,,,,,
MobileScreenshotCaption6,255,Text,,,,,,,,,,,,,,,
MobileScreenshotCaption7,256,Text,,,,,,,,,,,,,,,
MobileScreenshotCaption8,257,Text,,,,,,,,,,,,,,,
MobileScreenshotCaption9,258,Text,,,,,,,,,,,,,,,
MobileScreenshotCaption10,259,Text,,,,,,,,,,,,,,,
MobileScreenshotCaption11,260,Text,,,,,,,,,,,,,,,
MobileScreenshotCaption12,261,Text,,,,,,,,,,,,,,,
MobileScreenshotCaption13,262,Text,,,,,,,,,,,,,,,
MobileScreenshotCaption14,263,Text,,,,,,,,,,,,,,,
MobileScreenshotCaption15,264,Text,,,,,,,,,,,,,,,
MobileScreenshotCaption16,265,Text,,,,,,,,,,,,,,,
MobileScreenshotCaption17,266,Text,,,,,,,,,,,,,,,
MobileScreenshotCaption18,267,Text,,,,,,,,,,,,,,,
MobileScreenshotCaption19,268,Text,,,,,,,,,,,,,,,
MobileScreenshotCaption20,269,Text,,,,,,,,,,,,,,,
MobileScreenshotCaption21,270,Text,,,,,,,,,,,,,,,
MobileScreenshotCaption22,271,Text,,,,,,,,,,,,,,,
MobileScreenshotCaption23,272,Text,,,,,,,,,,,,,,,
MobileScreenshotCaption24,273,Text,,,,,,,,,,,,,,,
MobileScreenshotCaption25,274,Text,,,,,,,,,,,,,,,
MobileScreenshotCaption26,275,Text,,,,,,,,,,,,,,,
MobileScreenshotCaption27,276,Text,,,,,,,,,,,,,,,
MobileScreenshotCaption28,277,Text,,,,,,,,,,,,,,,
MobileScreenshotCaption29,278,Text,,,,,,,,,,,,,,,
MobileScreenshotCaption30,279,Text,,,,,,,,,,,,,,,
XboxScreenshot1,300,Relative path (or URL to file in Partner Center),,,,,,,,,,,,,,,
XboxScreenshot2,301,Relative path (or URL to file in Partner Center),,,,,,,,,,,,,,,
XboxScreenshot3,302,Relative path (or URL to file in Partner Center),,,,,,,,,,,,,,,
XboxScreenshot4,303,Relative path (or URL to file in Partner Center),,,,,,,,,,,,,,,
XboxScreenshot5,304,Relative path (or URL to file in Partner Center),,,,,,,,,,,,,,,
XboxScreenshot6,305,Relative path (or URL to file in Partner Center),,,,,,,,,,,,,,,
XboxScreenshot7,306,Relative path (or URL to file in Partner Center),,,,,,,,,,,,,,,
XboxScreenshot8,307,Relative path (or URL to file in Partner Center),,,,,,,,,,,,,,,
XboxScreenshot9,308,Relative path (or URL to file in Partner Center),,,,,,,,,,,,,,,
XboxScreenshot10,309,Relative path (or URL to file in Partner Center),,,,,,,,,,,,,,,
XboxScreenshot11,310,Relative path (or URL to file in Partner Center),,,,,,,,,,,,,,,
XboxScreenshot12,311,Relative path (or URL to file in Partner Center),,,,,,,,,,,,,,,
XboxScreenshot13,312,Relative path (or URL to file in Partner Center),,,,,,,,,,,,,,,
XboxScreenshot14,313,Relative path (or URL to file in Partner Center),,,,,,,,,,,,,,,
XboxScreenshot15,314,Relative path (or URL to file in Partner Center),,,,,,,,,,,,,,,
XboxScreenshot16,315,Relative path (or URL to file in Partner Center),,,,,,,,,,,,,,,
XboxScreenshot17,316,Relative path (or URL to file in Partner Center),,,,,,,,,,,,,,,
XboxScreenshot18,317,Relative path (or URL to file in Partner Center),,,,,,,,,,,,,,,
XboxScreenshot19,318,Relative path (or URL to file in Partner Center),,,,,,,,,,,,,,,
XboxScreenshot20,319,Relative path (or URL to file in Partner Center),,,,,,,,,,,,,,,
XboxScreenshot21,320,Relative path (or URL to file in Partner Center),,,,,,,,,,,,,,,
XboxScreenshot22,321,Relative path (or URL to file in Partner Center),,,,,,,,,,,,,,,
XboxScreenshot23,322,Relative path (or URL to file in Partner Center),,,,,,,,,,,,,,,
XboxScreenshot24,323,Relative path (or URL to file in Partner Center),,,,,,,,,,,,,,,
XboxScreenshot25,324,Relative path (or URL to file in Partner Center),,,,,,,,,,,,,,,
XboxScreenshot26,325,Relative path (or URL to file in Partner Center),,,,,,,,,,,,,,,
XboxScreenshot27,326,Relative path (or URL to file in Partner Center),,,,,,,,,,,,,,,
XboxScreenshot28,327,Relative path (or URL to file in Partner Center),,,,,,,,,,,,,,,
XboxScreenshot29,328,Relative path (or URL to file in Partner Center),,,,,,,,,,,,,,,
XboxScreenshot30,329,Relative path (or URL to file in Partner Center),,,,,,,,,,,,,,,
XboxScreenshotCaption1,350,Text,,,,,,,,,,,,,,,
XboxScreenshotCaption2,351,Text,,,,,,,,,,,,,,,
XboxScreenshotCaption3,352,Text,,,,,,,,,,,,,,,
XboxScreenshotCaption4,353,Text,,,,,,,,,,,,,,,
XboxScreenshotCaption5,354,Text,,,,,,,,,,,,,,,
XboxScreenshotCaption6,355,Text,,,,,,,,,,,,,,,
XboxScreenshotCaption7,356,Text,,,,,,,,,,,,,,,
XboxScreenshotCaption8,357,Text,,,,,,,,,,,,,,,
XboxScreenshotCaption9,358,Text,,,,,,,,,,,,,,,
XboxScreenshotCaption10,359,Text,,,,,,,,,,,,,,,
XboxScreenshotCaption11,360,Text,,,,,,,,,,,,,,,
XboxScreenshotCaption12,361,Text,,,,,,,,,,,,,,,
XboxScreenshotCaption13,362,Text,,,,,,,,,,,,,,,
XboxScreenshotCaption14,363,Text,,,,,,,,,,,,,,,
XboxScreenshotCaption15,364,Text,,,,,,,,,,,,,,,
XboxScreenshotCaption16,365,Text,,,,,,,,,,,,,,,
XboxScreenshotCaption17,366,Text,,,,,,,,,,,,,,,
XboxScreenshotCaption18,367,Text,,,,,,,,,,,,,,,
XboxScreenshotCaption19,368,Text,,,,,,,,,,,,,,,
XboxScreenshotCaption20,369,Text,,,,,,,,,,,,,,,
XboxScreenshotCaption21,370,Text,,,,,,,,,,,,,,,
XboxScreenshotCaption22,371,Text,,,,,,,,,,,,,,,
XboxScreenshotCaption23,372,Text,,,,,,,,,,,,,,,
XboxScreenshotCaption24,373,Text,,,,,,,,,,,,,,,
XboxScreenshotCaption25,374,Text,,,,,,,,,,,,,,,
XboxScreenshotCaption26,375,Text,,,,,,,,,,,,,,,
XboxScreenshotCaption27,376,Text,,,,,,,,,,,,,,,
XboxScreenshotCaption28,377,Text,,,,,,,,,,,,,,,
XboxScreenshotCaption29,378,Text,,,,,,,,,,,,,,,
XboxScreenshotCaption30,379,Text,,,,,,,,,,,,,,,
HolographicScreenshot1,400,Relative path (or URL to file in Partner Center),,,,,,,,,,,,,,,
HolographicScreenshot2,401,Relative path (or URL to file in Partner Center),,,,,,,,,,,,,,,
HolographicScreenshot3,402,Relative path (or URL to file in Partner Center),,,,,,,,,,,,,,,
HolographicScreenshot4,403,Relative path (or URL to file in Partner Center),,,,,,,,,,,,,,,
HolographicScreenshot5,404,Relative path (or URL to file in Partner Center),,,,,,,,,,,,,,,
HolographicScreenshot6,405,Relative path (or URL to file in Partner Center),,,,,,,,,,,,,,,
HolographicScreenshot7,406,Relative path (or URL to file in Partner Center),,,,,,,,,,,,,,,
HolographicScreenshot8,407,Relative path (or URL to file in Partner Center),,,,,,,,,,,,,,,
HolographicScreenshot9,408,Relative path (or URL to file in Partner Center),,,,,,,,,,,,,,,
HolographicScreenshot10,409,Relative path (or URL to file in Partner Center),,,,,,,,,,,,,,,
HolographicScreenshot11,410,Relative path (or URL to file in Partner Center),,,,,,,,,,,,,,,
HolographicScreenshot12,411,Relative path (or URL to file in Partner Center),,,,,,,,,,,,,,,
HolographicScreenshot13,412,Relative path (or URL to file in Partner Center),,,,,,,,,,,,,,,
HolographicScreenshot14,413,Relative path (or URL to file in Partner Center),,,,,,,,,,,,,,,
HolographicScreenshot15,414,Relative path (or URL to file in Partner Center),,,,,,,,,,,,,,,
HolographicScreenshot16,415,Relative path (or URL to file in Partner Center),,,,,,,,,,,,,,,
HolographicScreenshot17,416,Relative path (or URL to file in Partner Center),,,,,,,,,,,,,,,
HolographicScreenshot18,417,Relative path (or URL to file in Partner Center),,,,,,,,,,,,,,,
HolographicScreenshot19,418,Relative path (or URL to file in Partner Center),,,,,,,,,,,,,,,
HolographicScreenshot20,419,Relative path (or URL to file in Partner Center),,,,,,,,,,,,,,,
HolographicScreenshot21,420,Relative path (or URL to file in Partner Center),,,,,,,,,,,,,,,
HolographicScreenshot22,421,Relative path (or URL to file in Partner Center),,,,,,,,,,,,,,,
HolographicScreenshot23,422,Relative path (or URL to file in Partner Center),,,,,,,,,,,,,,,
HolographicScreenshot24,423,Relative path (or URL to file in Partner Center),,,,,,,,,,,,,,,
HolographicScreenshot25,424,Relative path (or URL to file in Partner Center),,,,,,,,,,,,,,,
HolographicScreenshot26,425,Relative path (or URL to file in Partner Center),,,,,,,,,,,,,,,
HolographicScreenshot27,426,Relative path (or URL to file in Partner Center),,,,,,,,,,,,,,,
HolographicScreenshot28,427,Relative path (or URL to file in Partner Center),,,,,,,,,,,,,,,
HolographicScreenshot29,428,Relative path (or URL to file in Partner Center),,,,,,,,,,,,,,,
HolographicScreenshot30,429,Relative path (or URL to file in Partner Center),,,,,,,,,,,,,,,
HolographicScreenshotCaption1,450,Text,,,,,,,,,,,,,,,
HolographicScreenshotCaption2,451,Text,,,,,,,,,,,,,,,
HolographicScreenshotCaption3,452,Text,,,,,,,,,,,,,,,
HolographicScreenshotCaption4,453,Text,,,,,,,,,,,,,,,
HolographicScreenshotCaption5,454,Text,,,,,,,,,,,,,,,
HolographicScreenshotCaption6,455,Text,,,,,,,,,,,,,,,
HolographicScreenshotCaption7,456,Text,,,,,,,,,,,,,,,
HolographicScreenshotCaption8,457,Text,,,,,,,,,,,,,,,
HolographicScreenshotCaption9,458,Text,,,,,,,,,,,,,,,
HolographicScreenshotCaption10,459,Text,,,,,,,,,,,,,,,
HolographicScreenshotCaption11,460,Text,,,,,,,,,,,,,,,
HolographicScreenshotCaption12,461,Text,,,,,,,,,,,,,,,
HolographicScreenshotCaption13,462,Text,,,,,,,,,,,,,,,
HolographicScreenshotCaption14,463,Text,,,,,,,,,,,,,,,
HolographicScreenshotCaption15,464,Text,,,,,,,,,,,,,,,
HolographicScreenshotCaption16,465,Text,,,,,,,,,,,,,,,
HolographicScreenshotCaption17,466,Text,,,,,,,,,,,,,,,
HolographicScreenshotCaption18,467,Text,,,,,,,,,,,,,,,
HolographicScreenshotCaption19,468,Text,,,,,,,,,,,,,,,
HolographicScreenshotCaption20,469,Text,,,,,,,,,,,,,,,
HolographicScreenshotCaption21,470,Text,,,,,,,,,,,,,,,
HolographicScreenshotCaption22,471,Text,,,,,,,,,,,,,,,
HolographicScreenshotCaption23,472,Text,,,,,,,,,,,,,,,
HolographicScreenshotCaption24,473,Text,,,,,,,,,,,,,,,
HolographicScreenshotCaption25,474,Text,,,,,,,,,,,,,,,
HolographicScreenshotCaption26,475,Text,,,,,,,,,,,,,,,
HolographicScreenshotCaption27,476,Text,,,,,,,,,,,,,,,
HolographicScreenshotCaption28,477,Text,,,,,,,,,,,,,,,
HolographicScreenshotCaption29,478,Text,,,,,,,,,,,,,,,
HolographicScreenshotCaption30,479,Text,,,,,,,,,,,,,,,
SurfaceHubScreenshot11,510,Relative path (or URL to file in Partner Center),,,,,,,,,,,,,,,
SurfaceHubScreenshot12,511,Relative path (or URL to file in Partner Center),,,,,,,,,,,,,,,
SurfaceHubScreenshot13,512,Relative path (or URL to file in Partner Center),,,,,,,,,,,,,,,
SurfaceHubScreenshot14,513,Relative path (or URL to file in Partner Center),,,,,,,,,,,,,,,
SurfaceHubScreenshot15,514,Relative path (or URL to file in Partner Center),,,,,,,,,,,,,,,
SurfaceHubScreenshot16,515,Relative path (or URL to file in Partner Center),,,,,,,,,,,,,,,
SurfaceHubScreenshot17,516,Relative path (or URL to file in Partner Center),,,,,,,,,,,,,,,
SurfaceHubScreenshot18,517,Relative path (or URL to file in Partner Center),,,,,,,,,,,,,,,
SurfaceHubScreenshot19,518,Relative path (or URL to file in Partner Center),,,,,,,,,,,,,,,
SurfaceHubScreenshot20,519,Relative path (or URL to file in Partner Center),,,,,,,,,,,,,,,
SurfaceHubScreenshot21,520,Relative path (or URL to file in Partner Center),,,,,,,,,,,,,,,
SurfaceHubScreenshot22,521,Relative path (or URL to file in Partner Center),,,,,,,,,,,,,,,
SurfaceHubScreenshot23,522,Relative path (or URL to file in Partner Center),,,,,,,,,,,,,,,
SurfaceHubScreenshot24,523,Relative path (or URL to file in Partner Center),,,,,,,,,,,,,,,
SurfaceHubScreenshot25,524,Relative path (or URL to file in Partner Center),,,,,,,,,,,,,,,
SurfaceHubScreenshot26,525,Relative path (or URL to file in Partner Center),,,,,,,,,,,,,,,
SurfaceHubScreenshot27,526,Relative path (or URL to file in Partner Center),,,,,,,,,,,,,,,
SurfaceHubScreenshot28,527,Relative path (or URL to file in Partner Center),,,,,,,,,,,,,,,
SurfaceHubScreenshot29,528,Relative path (or URL to file in Partner Center),,,,,,,,,,,,,,,
SurfaceHubScreenshot30,529,Relative path (or URL to file in Partner Center),,,,,,,,,,,,,,,
SurfaceHubScreenshotCaption11,560,Text,,,,,,,,,,,,,,,
SurfaceHubScreenshotCaption12,561,Text,,,,,,,,,,,,,,,
SurfaceHubScreenshotCaption13,562,Text,,,,,,,,,,,,,,,
SurfaceHubScreenshotCaption14,563,Text,,,,,,,,,,,,,,,
SurfaceHubScreenshotCaption15,564,Text,,,,,,,,,,,,,,,
SurfaceHubScreenshotCaption16,565,Text,,,,,,,,,,,,,,,
SurfaceHubScreenshotCaption17,566,Text,,,,,,,,,,,,,,,
SurfaceHubScreenshotCaption18,567,Text,,,,,,,,,,,,,,,
SurfaceHubScreenshotCaption19,568,Text,,,,,,,,,,,,,,,
SurfaceHubScreenshotCaption20,569,Text,,,,,,,,,,,,,,,
SurfaceHubScreenshotCaption21,570,Text,,,,,,,,,,,,,,,
SurfaceHubScreenshotCaption22,571,Text,,,,,,,,,,,,,,,
SurfaceHubScreenshotCaption23,572,Text,,,,,,,,,,,,,,,
SurfaceHubScreenshotCaption24,573,Text,,,,,,,,,,,,,,,
SurfaceHubScreenshotCaption25,574,Text,,,,,,,,,,,,,,,
SurfaceHubScreenshotCaption26,575,Text,,,,,,,,,,,,,,,
SurfaceHubScreenshotCaption27,576,Text,,,,,,,,,,,,,,,
SurfaceHubScreenshotCaption28,577,Text,,,,,,,,,,,,,,,
SurfaceHubScreenshotCaption29,578,Text,,,,,,,,,,,,,,,
SurfaceHubScreenshotCaption30,579,Text,,,,,,,,,,,,,,,
StoreLogo720x1080,600,Relative path (or URL to file in Partner Center),,,,,,,,,,,,,,,
StoreLogo1080x1080,601,Relative path (or URL to file in Partner Center),,,,,,,,,,,,,,,
StoreLogo300x300,602,Relative path (or URL to file in Partner Center),,,,,,,,,,,,,,,
OverrideLogosForWin10,603,True/False,,FALSE,FALSE,FALSE,FALSE,FALSE,FALSE,FALSE,FALSE,FALSE,FALSE,FALSE,FALSE,FALSE,FALSE
StoreLogoOverride150x150,604,Relative path (or URL to file in Partner Center),,,,,,,,,,,,,,,
StoreLogoOverride71x71,605,Relative path (or URL to file in Partner Center),,,,,,,,,,,,,,,
PromoImage1920x1080,606,Relative path (or URL to file in Partner Center),,,,,,,,,,,,,,,
PromoImage2400x1200,607,Relative path (or URL to file in Partner Center),,,,,,,,,,,,,,,
XboxBrandedKeyArt584x800,608,Relative path (or URL to file in Partner Center),,,,,,,,,,,,,,,
XboxTitledHero1920x1080,609,Relative path (or URL to file in Partner Center),,,,,,,,,,,,,,,
XboxFeaturedPromo1080x1080,610,Relative path (or URL to file in Partner Center),,,,,,,,,,,,,,,
OptionalPromo358x358,611,Relative path (or URL to file in Partner Center),,,,,,,,,,,,,,,
OptionalPromo1000x800,612,Relative path (or URL to file in Partner Center),,,,,,,,,,,,,,,
OptionalPromo414x180,613,Relative path (or URL to file in Partner Center),,,,,,,,,,,,,,,
Feature1,700,Text,,"Lossless structural editing — comments, whitespace & formatting preserved exactly","无损结构化编辑——注释、空白字符和格式完整保留","無損結構化編輯——註解、空白字元與格式完整保留","无损结构化编辑——注释、空白字符和格式完整保留","无损结构化编辑——注释、空白字符和格式完整保留","無損結構化編輯——註解、空白字元與格式完整保留","無損結構化編輯——註解、空白字元與格式完整保留","无损结构化编辑——注释、空白字符和格式完整保留","无损结构化编辑——注释、空白字符和格式完整保留","无损结构化编辑——注释、空白字符和格式完整保留","無損結構化編輯——註解、空白字元與格式完整保留","無損結構化編輯——註解、空白字元與格式完整保留","無損結構化編輯——註解、空白字元與格式完整保留","無損結構化編輯——註解、空白字元與格式完整保留"
Feature2,701,Text,,"Live tree view for TOML, JSON, JSONC & YAML","TOML、JSON、JSONC 和 YAML 的实时树状视图","TOML、JSON、JSONC 與 YAML 的即時樹狀檢視","TOML、JSON、JSONC 和 YAML 的实时树状视图","TOML、JSON、JSONC 和 YAML 的实时树状视图","TOML、JSON、JSONC 與 YAML 的即時樹狀檢視","TOML、JSON、JSONC 與 YAML 的即時樹狀檢視","TOML、JSON、JSONC 和 YAML 的实时树状视图","TOML、JSON、JSONC 和 YAML 的实时树状视图","TOML、JSON、JSONC 和 YAML 的实时树状视图","TOML、JSON、JSONC 與 YAML 的即時樹狀檢視","TOML、JSON、JSONC 與 YAML 的即時樹狀檢視","TOML、JSON、JSONC 與 YAML 的即時樹狀檢視","TOML、JSON、JSONC 與 YAML 的即時樹狀檢視"
Feature3,702,Text,,"Comments are first-class, editable nodes — never lost or reordered","注释是可编辑的一级节点——绝不丢失或重新排序","註解是可編輯的第一級節點——絕不遺失或重新排序","注释是可编辑的一级节点——绝不丢失或重新排序","注释是可编辑的一级节点——绝不丢失或重新排序","註解是可編輯的第一級節點——絕不遺失或重新排序","註解是可編輯的第一級節點——絕不遺失或重新排序","注释是可编辑的一级节点——绝不丢失或重新排序","注释是可编辑的一级节点——绝不丢失或重新排序","注释是可编辑的一级节点——绝不丢失或重新排序","註解是可編輯的第一級節點——絕不遺失或重新排序","註解是可編輯的第一級節點——絕不遺失或重新排序","註解是可編輯的第一級節點——絕不遺失或重新排序","註解是可編輯的第一級節點——絕不遺失或重新排序"
Feature4,703,Text,,"Type-safe kind switching: arrays ↔ inline tables, quote styles, number formats","类型安全的 kind 切换：数组 ↔ 内联表格、引号样式、数字格式","型別安全的 kind 切換：陣列 ↔ 行內表格、引號樣式、數字格式","类型安全的 kind 切换：数组 ↔ 内联表格、引号样式、数字格式","类型安全的 kind 切换：数组 ↔ 内联表格、引号样式、数字格式","型別安全的 kind 切換：陣列 ↔ 行內表格、引號樣式、數字格式","型別安全的 kind 切換：陣列 ↔ 行內表格、引號樣式、數字格式","类型安全的 kind 切换：数组 ↔ 内联表格、引号样式、数字格式","类型安全的 kind 切换：数组 ↔ 内联表格、引号样式、数字格式","类型安全的 kind 切换：数组 ↔ 内联表格、引号样式、数字格式","型別安全的 kind 切換：陣列 ↔ 行內表格、引號樣式、數字格式","型別安全的 kind 切換：陣列 ↔ 行內表格、引號樣式、數字格式","型別安全的 kind 切換：陣列 ↔ 行內表格、引號樣式、數字格式","型別安全的 kind 切換：陣列 ↔ 行內表格、引號樣式、數字格式"
Feature5,704,Text,,Convert TOML ↔ JSON ↔ YAML with a full loss report before writing,"TOML ↔ JSON ↔ YAML 相互转换，写入前提供完整损耗报告","TOML ↔ JSON ↔ YAML 相互轉換，寫入前提供完整損耗報告","TOML ↔ JSON ↔ YAML 相互转换，写入前提供完整损耗报告","TOML ↔ JSON ↔ YAML 相互转换，写入前提供完整损耗报告","TOML ↔ JSON ↔ YAML 相互轉換，寫入前提供完整損耗報告","TOML ↔ JSON ↔ YAML 相互轉換，寫入前提供完整損耗報告","TOML ↔ JSON ↔ YAML 相互转换，写入前提供完整损耗报告","TOML ↔ JSON ↔ YAML 相互转换，写入前提供完整损耗报告","TOML ↔ JSON ↔ YAML 相互转换，写入前提供完整损耗报告","TOML ↔ JSON ↔ YAML 相互轉換，寫入前提供完整損耗報告","TOML ↔ JSON ↔ YAML 相互轉換，寫入前提供完整損耗報告","TOML ↔ JSON ↔ YAML 相互轉換，寫入前提供完整損耗報告","TOML ↔ JSON ↔ YAML 相互轉換，寫入前提供完整損耗報告"
Feature6,705,Text,,"JSON Schema awareness — live, non-blocking violation flags","JSON Schema 感知——实时标记违规，且不阻挡任何操作","JSON Schema 感知——即時標記違規，且不阻擋任何操作","JSON Schema 感知——实时标记违规，且不阻挡任何操作","JSON Schema 感知——实时标记违规，且不阻挡任何操作","JSON Schema 感知——即時標記違規，且不阻擋任何操作","JSON Schema 感知——即時標記違規，且不阻擋任何操作","JSON Schema 感知——实时标记违规，且不阻挡任何操作","JSON Schema 感知——实时标记违规，且不阻挡任何操作","JSON Schema 感知——实时标记违规，且不阻挡任何操作","JSON Schema 感知——即時標記違規，且不阻擋任何操作","JSON Schema 感知——即時標記違規，且不阻擋任何操作","JSON Schema 感知——即時標記違規，且不阻擋任何操作","JSON Schema 感知——即時標記違規，且不阻擋任何操作"
Feature7,706,Text,,"Fuzzy search, type filter, multi-select & clipboard","模糊搜索、类型筛选、多选和剪贴板","模糊搜尋、型別篩選、多選與剪貼簿","模糊搜索、类型筛选、多选和剪贴板","模糊搜索、类型筛选、多选和剪贴板","模糊搜尋、型別篩選、多選與剪貼簿","模糊搜尋、型別篩選、多選與剪貼簿","模糊搜索、类型筛选、多选和剪贴板","模糊搜索、类型筛选、多选和剪贴板","模糊搜索、类型筛选、多选和剪贴板","模糊搜尋、型別篩選、多選與剪貼簿","模糊搜尋、型別篩選、多選與剪貼簿","模糊搜尋、型別篩選、多選與剪貼簿","模糊搜尋、型別篩選、多選與剪貼簿"
Feature8,707,Text,,Atomic edits with full undo/redo history,"原子性编辑，附完整撤销/重做历史","原子性編輯，附完整復原/重做歷史","原子性编辑，附完整撤销/重做历史","原子性编辑，附完整撤销/重做历史","原子性編輯，附完整復原/重做歷史","原子性編輯，附完整復原/重做歷史","原子性编辑，附完整撤销/重做历史","原子性编辑，附完整撤销/重做历史","原子性编辑，附完整撤销/重做历史","原子性編輯，附完整復原/重做歷史","原子性編輯，附完整復原/重做歷史","原子性編輯，附完整復原/重做歷史","原子性編輯，附完整復原/重做歷史"
Feature9,708,Text,,"100% offline — no telemetry, no accounts, no data collection","100% 离线运行——无遥测、无账户、不收集数据","100% 離線運作——無遙測、無帳戶、不收集資料","100% 离线运行——无遥测、无账户、不收集数据","100% 离线运行——无遥测、无账户、不收集数据","100% 離線運作——無遙測、無帳戶、不收集資料","100% 離線運作——無遙測、無帳戶、不收集資料","100% 离线运行——无遥测、无账户、不收集数据","100% 离线运行——无遥测、无账户、不收集数据","100% 离线运行——无遥测、无账户、不收集数据","100% 離線運作——無遙測、無帳戶、不收集資料","100% 離線運作——無遙測、無帳戶、不收集資料","100% 離線運作——無遙測、無帳戶、不收集資料","100% 離線運作——無遙測、無帳戶、不收集資料"
Feature10,709,Text,,,,,,,,,,,,,,,
Feature11,710,Text,,,,,,,,,,,,,,,
Feature12,711,Text,,,,,,,,,,,,,,,
Feature13,712,Text,,,,,,,,,,,,,,,
Feature14,713,Text,,,,,,,,,,,,,,,
Feature15,714,Text,,,,,,,,,,,,,,,
Feature16,715,Text,,,,,,,,,,,,,,,
Feature17,716,Text,,,,,,,,,,,,,,,
Feature18,717,Text,,,,,,,,,,,,,,,
Feature19,718,Text,,,,,,,,,,,,,,,
Feature20,719,Text,,,,,,,,,,,,,,,
MinimumHardwareReq1,800,Text,,,,,,,,,,,,,,,
MinimumHardwareReq2,801,Text,,,,,,,,,,,,,,,
MinimumHardwareReq3,802,Text,,,,,,,,,,,,,,,
MinimumHardwareReq4,803,Text,,,,,,,,,,,,,,,
MinimumHardwareReq5,804,Text,,,,,,,,,,,,,,,
MinimumHardwareReq6,805,Text,,,,,,,,,,,,,,,
MinimumHardwareReq7,806,Text,,,,,,,,,,,,,,,
MinimumHardwareReq8,807,Text,,,,,,,,,,,,,,,
MinimumHardwareReq9,808,Text,,,,,,,,,,,,,,,
MinimumHardwareReq10,809,Text,,,,,,,,,,,,,,,
MinimumHardwareReq11,810,Text,,,,,,,,,,,,,,,
RecommendedHardwareReq1,850,Text,,,,,,,,,,,,,,,
RecommendedHardwareReq2,851,Text,,,,,,,,,,,,,,,
RecommendedHardwareReq3,852,Text,,,,,,,,,,,,,,,
RecommendedHardwareReq4,853,Text,,,,,,,,,,,,,,,
RecommendedHardwareReq5,854,Text,,,,,,,,,,,,,,,
RecommendedHardwareReq6,855,Text,,,,,,,,,,,,,,,
RecommendedHardwareReq7,856,Text,,,,,,,,,,,,,,,
RecommendedHardwareReq8,857,Text,,,,,,,,,,,,,,,
RecommendedHardwareReq9,858,Text,,,,,,,,,,,,,,,
RecommendedHardwareReq10,859,Text,,,,,,,,,,,,,,,
RecommendedHardwareReq11,860,Text,,,,,,,,,,,,,,,
SearchTerm1,900,Text,,TOML editor,TOML editor,TOML editor,TOML editor,TOML editor,TOML editor,TOML editor,TOML editor,TOML editor,TOML editor,TOML editor,TOML editor,TOML editor,TOML editor
SearchTerm2,901,Text,,JSON editor,JSON editor,JSON editor,JSON editor,JSON editor,JSON editor,JSON editor,JSON editor,JSON editor,JSON editor,JSON editor,JSON editor,JSON editor,JSON editor
SearchTerm3,902,Text,,YAML editor,YAML editor,YAML editor,YAML editor,YAML editor,YAML editor,YAML editor,YAML editor,YAML editor,YAML editor,YAML editor,YAML editor,YAML editor,YAML editor
SearchTerm4,903,Text,,JSONC editor,JSONC editor,JSONC editor,JSONC editor,JSONC editor,JSONC editor,JSONC editor,JSONC editor,JSONC editor,JSONC editor,JSONC editor,JSONC editor,JSONC editor,JSONC editor
SearchTerm5,904,Text,,config file editor,config file editor,config file editor,config file editor,config file editor,config file editor,config file editor,config file editor,config file editor,config file editor,config file editor,config file editor,config file editor,config file editor
SearchTerm6,905,Text,,structural config editor,structural config editor,structural config editor,structural config editor,structural config editor,structural config editor,structural config editor,structural config editor,structural config editor,structural config editor,structural config editor,structural config editor,structural config editor,structural config editor
SearchTerm7,906,Text,,lossless editor,lossless editor,lossless editor,lossless editor,lossless editor,lossless editor,lossless editor,lossless editor,lossless editor,lossless editor,lossless editor,lossless editor,lossless editor,lossless editor
TrailerToPlayAtTopOfListing,999,Relative path (or URL to file in Partner Center),,,,,,,,,,,,,,,
Trailer1,1000,Relative path (or URL to file in Partner Center),,,,,,,,,,,,,,,
Trailer2,1001,Relative path (or URL to file in Partner Center),,,,,,,,,,,,,,,
Trailer3,1002,Relative path (or URL to file in Partner Center),,,,,,,,,,,,,,,
Trailer4,1003,Relative path (or URL to file in Partner Center),,,,,,,,,,,,,,,
Trailer5,1004,Relative path (or URL to file in Partner Center),,,,,,,,,,,,,,,
Trailer6,1005,Relative path (or URL to file in Partner Center),,,,,,,,,,,,,,,
Trailer7,1006,Relative path (or URL to file in Partner Center),,,,,,,,,,,,,,,
Trailer8,1007,Relative path (or URL to file in Partner Center),,,,,,,,,,,,,,,
Trailer9,1008,Relative path (or URL to file in Partner Center),,,,,,,,,,,,,,,
Trailer10,1009,Relative path (or URL to file in Partner Center),,,,,,,,,,,,,,,
Trailer11,1010,Relative path (or URL to file in Partner Center),,,,,,,,,,,,,,,
Trailer12,1011,Relative path (or URL to file in Partner Center),,,,,,,,,,,,,,,
Trailer13,1012,Relative path (or URL to file in Partner Center),,,,,,,,,,,,,,,
Trailer14,1013,Relative path (or URL to file in Partner Center),,,,,,,,,,,,,,,
Trailer15,1014,Relative path (or URL to file in Partner Center),,,,,,,,,,,,,,,
TrailerTitle1,1020,Text,,,,,,,,,,,,,,,
TrailerTitle2,1021,Text,,,,,,,,,,,,,,,
TrailerTitle3,1022,Text,,,,,,,,,,,,,,,
TrailerTitle4,1023,Text,,,,,,,,,,,,,,,
TrailerTitle5,1024,Text,,,,,,,,,,,,,,,
TrailerTitle6,1025,Text,,,,,,,,,,,,,,,
TrailerTitle7,1026,Text,,,,,,,,,,,,,,,
TrailerTitle8,1027,Text,,,,,,,,,,,,,,,
TrailerTitle9,1028,Text,,,,,,,,,,,,,,,
TrailerTitle10,1029,Text,,,,,,,,,,,,,,,
TrailerTitle11,1030,Text,,,,,,,,,,,,,,,
TrailerTitle12,1031,Text,,,,,,,,,,,,,,,
TrailerTitle13,1032,Text,,,,,,,,,,,,,,,
TrailerTitle14,1033,Text,,,,,,,,,,,,,,,
TrailerTitle15,1034,Text,,,,,,,,,,,,,,,
TrailerThumbnail1,1040,Relative path (or URL to file in Partner Center),,,,,,,,,,,,,,,
TrailerThumbnail2,1041,Relative path (or URL to file in Partner Center),,,,,,,,,,,,,,,
TrailerThumbnail3,1042,Relative path (or URL to file in Partner Center),,,,,,,,,,,,,,,
TrailerThumbnail4,1043,Relative path (or URL to file in Partner Center),,,,,,,,,,,,,,,
TrailerThumbnail5,1044,Relative path (or URL to file in Partner Center),,,,,,,,,,,,,,,
TrailerThumbnail6,1045,Relative path (or URL to file in Partner Center),,,,,,,,,,,,,,,
TrailerThumbnail7,1046,Relative path (or URL to file in Partner Center),,,,,,,,,,,,,,,
TrailerThumbnail8,1047,Relative path (or URL to file in Partner Center),,,,,,,,,,,,,,,
TrailerThumbnail9,1048,Relative path (or URL to file in Partner Center),,,,,,,,,,,,,,,
TrailerThumbnail10,1049,Relative path (or URL to file in Partner Center),,,,,,,,,,,,,,,
TrailerThumbnail11,1050,Relative path (or URL to file in Partner Center),,,,,,,,,,,,,,,
TrailerThumbnail12,1051,Relative path (or URL to file in Partner Center),,,,,,,,,,,,,,,
TrailerThumbnail13,1052,Relative path (or URL to file in Partner Center),,,,,,,,,,,,,,,
TrailerThumbnail14,1053,Relative path (or URL to file in Partner Center),,,,,,,,,,,,,,,
TrailerThumbnail15,1054,Relative path (or URL to file in Partner Center),,,,,,,,,,,,,,,
TrailerClosedCaption1,1055,Relative path (or URL to file in Partner Center),,,,,,,,,,,,,,,
TrailerClosedCaption2,1056,Relative path (or URL to file in Partner Center),,,,,,,,,,,,,,,
TrailerClosedCaption3,1057,Relative path (or URL to file in Partner Center),,,,,,,,,,,,,,,
TrailerClosedCaption4,1058,Relative path (or URL to file in Partner Center),,,,,,,,,,,,,,,
TrailerClosedCaption5,1059,Relative path (or URL to file in Partner Center),,,,,,,,,,,,,,,
TrailerClosedCaption6,1060,Relative path (or URL to file in Partner Center),,,,,,,,,,,,,,,
TrailerClosedCaption7,1061,Relative path (or URL to file in Partner Center),,,,,,,,,,,,,,,
TrailerClosedCaption8,1062,Relative path (or URL to file in Partner Center),,,,,,,,,,,,,,,
TrailerClosedCaption9,1063,Relative path (or URL to file in Partner Center),,,,,,,,,,,,,,,
TrailerClosedCaption10,1064,Relative path (or URL to file in Partner Center),,,,,,,,,,,,,,,
TrailerClosedCaption11,1065,Relative path (or URL to file in Partner Center),,,,,,,,,,,,,,,
TrailerClosedCaption12,1066,Relative path (or URL to file in Partner Center),,,,,,,,,,,,,,,
TrailerClosedCaption13,1067,Relative path (or URL to file in Partner Center),,,,,,,,,,,,,,,
TrailerClosedCaption14,1068,Relative path (or URL to file in Partner Center),,,,,,,,,,,,,,,
TrailerClosedCaption15,1069,Relative path (or URL to file in Partner Center),,,,,,,,,,,,,,,
TrailerAudioDescription1,1070,Relative path (or URL to file in Partner Center),,,,,,,,,,,,,,,
TrailerAudioDescription2,1071,Relative path (or URL to file in Partner Center),,,,,,,,,,,,,,,
TrailerAudioDescription3,1072,Relative path (or URL to file in Partner Center),,,,,,,,,,,,,,,
TrailerAudioDescription4,1073,Relative path (or URL to file in Partner Center),,,,,,,,,,,,,,,
TrailerAudioDescription5,1074,Relative path (or URL to file in Partner Center),,,,,,,,,,,,,,,
TrailerAudioDescription6,1075,Relative path (or URL to file in Partner Center),,,,,,,,,,,,,,,
TrailerAudioDescription7,1076,Relative path (or URL to file in Partner Center),,,,,,,,,,,,,,,
TrailerAudioDescription8,1077,Relative path (or URL to file in Partner Center),,,,,,,,,,,,,,,
TrailerAudioDescription9,1078,Relative path (or URL to file in Partner Center),,,,,,,,,,,,,,,
TrailerAudioDescription10,1079,Relative path (or URL to file in Partner Center),,,,,,,,,,,,,,,
TrailerAudioDescription11,1080,Relative path (or URL to file in Partner Center),,,,,,,,,,,,,,,
TrailerAudioDescription12,1081,Relative path (or URL to file in Partner Center),,,,,,,,,,,,,,,
TrailerAudioDescription13,1082,Relative path (or URL to file in Partner Center),,,,,,,,,,,,,,,
TrailerAudioDescription14,1083,Relative path (or URL to file in Partner Center),,,,,,,,,,,,,,,
TrailerAudioDescription15,1084,Relative path (or URL to file in Partner Center),,,,,,,,,,,,,,,
